/*
Navicat MySQL Data Transfer

Source Server         : localhost_3306
Source Server Version : 80023
Source Host           : localhost:3306
Source Database       : power

Target Server Type    : MYSQL
Target Server Version : 80023
File Encoding         : 65001

Date: 2022-10-20 20:20:53
*/

SET FOREIGN_KEY_CHECKS=0;

-- ----------------------------
-- Table structure for device_patrol
-- ----------------------------
DROP TABLE IF EXISTS `device_patrol`;
CREATE TABLE `device_patrol` (
  `id` int NOT NULL AUTO_INCREMENT,
  `city_id` int NOT NULL,
  `city_name` varchar(25) DEFAULT NULL,
  `area_name` varchar(25) DEFAULT NULL,
  `equipment_type` int DEFAULT NULL,
  `ip_address` varchar(40) DEFAULT NULL,
  `area_id` varchar(255) CHARACTER SET utf8 COLLATE utf8_general_ci DEFAULT NULL,
  `connection_status` tinyint(1) DEFAULT '1' COMMENT '异常是0',
  `equipment_id` int DEFAULT NULL,
  PRIMARY KEY (`id`)
) ENGINE=InnoDB AUTO_INCREMENT=18 DEFAULT CHARSET=utf8;

-- ----------------------------
-- Records of device_patrol
-- ----------------------------
INSERT INTO `device_patrol` VALUES ('1', '2', '盐城市', '响水', '1', '169.254.94.15', '1', '0', null);
INSERT INTO `device_patrol` VALUES ('2', '2', '盐城市', '滨海', '1', '169.254.94.15', '2', '0', null);
INSERT INTO `device_patrol` VALUES ('3', '2', '盐城市', '射阳', '1', '169.254.94.15', '3', '0', null);
INSERT INTO `device_patrol` VALUES ('4', '2', '盐城市', '阜宁', '1', '169.254.94.15', '4', '0', '1');
INSERT INTO `device_patrol` VALUES ('5', '2', '盐城市', '建湖', '1', '169.254.94.14', '5', '1', '7');
INSERT INTO `device_patrol` VALUES ('6', '2', '盐城市', '大丰', '1', '169.254.94.14', '6', '1', null);
INSERT INTO `device_patrol` VALUES ('7', '2', '盐城市', '东台', '1', '169.254.94.14', '7', '1', null);
INSERT INTO `device_patrol` VALUES ('8', '2', '盐城市', '盐城', '1', '169.254.94.15', '0', '0', null);
INSERT INTO `device_patrol` VALUES ('9', '3', '徐州市', '测试', '1', '169.254.94.16', '1', '1', null);
INSERT INTO `device_patrol` VALUES ('10', '2', '盐城市', '响水', '2', '169.254.94.14', '1', '1', null);
INSERT INTO `device_patrol` VALUES ('11', '2', '盐城市', '响水', '3', '169.254.94.14', '1', '1', null);
INSERT INTO `device_patrol` VALUES ('12', '3', '徐州市', '测试', '1', '169.254.94.16', '2', '1', null);
INSERT INTO `device_patrol` VALUES ('13', '3', '徐州市', '测试', '1', '169.254.94.16', '3', '1', null);
INSERT INTO `device_patrol` VALUES ('14', '3', '徐州市', '测试', '1', '169.254.94.16', '4', '1', null);
INSERT INTO `device_patrol` VALUES ('15', '3', '徐州市', '测试', '1', '169.254.94.15', '5', '1', null);
INSERT INTO `device_patrol` VALUES ('16', '3', '徐州市', '测试', '1', '169.254.94.15', '6', '1', null);
INSERT INTO `device_patrol` VALUES ('17', '3', '徐州市', '测试', '1', '169.254.94.15', '7', '1', null);

-- ----------------------------
-- Table structure for equipment_list
-- ----------------------------
DROP TABLE IF EXISTS `equipment_list`;
CREATE TABLE `equipment_list` (
  `id` int NOT NULL AUTO_INCREMENT,
  `number` varchar(25) CHARACTER SET utf8mb4 COLLATE utf8mb4_0900_ai_ci NOT NULL,
  `name` varchar(20) NOT NULL,
  `address` varchar(40) NOT NULL,
  `station_id` int NOT NULL,
  `ip` varchar(20) NOT NULL,
  `enable` int NOT NULL,
  `state` int NOT NULL,
  `create_time` timestamp NOT NULL,
  `update_time` timestamp NULL DEFAULT NULL,
  `maintenance` int NOT NULL,
  `operator` int NOT NULL,
  `equipment_type` int NOT NULL DEFAULT '1',
  `equipment_info` varchar(90) CHARACTER SET utf8mb4 COLLATE utf8mb4_0900_ai_ci DEFAULT NULL,
  `area_id` int NOT NULL DEFAULT '0',
  `connection_status` tinyint(1) NOT NULL DEFAULT '0',
  `data_expired` tinyint(1) NOT NULL DEFAULT '0',
  PRIMARY KEY (`id`),
  UNIQUE KEY `number_uni` (`number`),
  KEY `equipment_list_fy` (`station_id`)
) ENGINE=InnoDB AUTO_INCREMENT=54 DEFAULT CHARSET=utf8mb4 COLLATE=utf8mb4_0900_ai_ci;

-- ----------------------------
-- Records of equipment_list
-- ----------------------------
INSERT INTO `equipment_list` VALUES ('1', '1', '滨海设备1', '盐城滨海某地', '2', '169.254.94.15', '1', '1', '2022-07-25 12:43:41', '2022-10-05 15:21:04', '0', '1', '2', 'RH.10894', '2', '0', '1');
INSERT INTO `equipment_list` VALUES ('7', '123', '响水设备1', '盐城响水某地', '2', '169.254.94.14', '1', '0', '2021-11-25 17:01:49', '2022-09-22 20:18:35', '0', '1', '1', 'rtsp://wowzaec2demo.streamlock.net/vod/mp4:BigBuckBunny_115k.mp4', '1', '1', '0');
INSERT INTO `equipment_list` VALUES ('31', '22', '射阳设备1', '盐城射阳某地', '2', '169.254.94.15', '1', '0', '2022-08-18 21:26:10', '2022-10-05 15:21:12', '0', '1', '2', 'RH.10894', '3', '0', '1');
INSERT INTO `equipment_list` VALUES ('34', '1001', '阜宁设备1', '盐城阜宁某地', '2', '169.254.94.14', '1', '0', '2022-09-03 20:56:51', '2022-10-04 16:58:09', '0', '1', '3', '012345678912', '4', '1', '1');
INSERT INTO `equipment_list` VALUES ('35', '1002', '建湖设备1', '盐城建湖某地', '2', '169.254.94.15', '1', '0', '2022-09-03 21:02:31', '2022-10-05 15:21:20', '0', '1', '2', 'RH.10581', '5', '0', '1');
INSERT INTO `equipment_list` VALUES ('36', '111111', '大丰设备1', '盐城大丰某地', '2', '169.254.94.14', '1', '0', '2022-09-03 22:54:05', '2022-10-18 15:16:20', '0', '1', '2', 'RH.10581', '6', '1', '1');
INSERT INTO `equipment_list` VALUES ('37', '3', '东台设备1', '盐城东台某地', '2', '169.254.94.14', '1', '2', '2022-09-04 17:10:04', '2022-09-25 17:12:03', '0', '1', '2', 'RH.10581', '7', '1', '1');
INSERT INTO `equipment_list` VALUES ('38', '10101', '盐城设备1', '盐城某地', '2', '169.254.94.14', '1', '0', '2022-09-04 22:36:56', '2022-10-04 16:59:20', '0', '1', '2', 'RH.10894', '0', '1', '1');
INSERT INTO `equipment_list` VALUES ('39', 'xiangshuiPower', '响水设备2', '盐城响水某地', '2', '169.254.94.14', '1', '1', '2022-09-05 16:37:22', '2022-09-26 12:29:31', '0', '1', '2', 'RH.10581', '1', '1', '1');
INSERT INTO `equipment_list` VALUES ('40', 'xiangshuiPLC', '响水设备3', '盐城响水某地', '2', '169.254.94.14', '1', '1', '2022-09-05 17:01:16', '2022-09-22 20:54:18', '0', '1', '3', 'E0DCA097F943', '1', '1', '1');
INSERT INTO `equipment_list` VALUES ('52', 'nanjing222', '南京设备', '撒反对', '1', '127.127.127.127', '0', '1', '2022-09-26 12:37:56', '2022-10-19 23:42:49', '0', '1', '1', 'rtsp://admin:adm12345@10.32.85.73/MPEG-4/ch1/sub/av_stream', '0', '1', '0');
INSERT INTO `equipment_list` VALUES ('53', 'xiangshuiVideo', '响水设备4', '盐城响水某地', '2', '127.0.0.1', '1', '0', '2022-09-26 21:23:12', null, '0', '1', '1', 'rtsp://wowzaec2demo.streamlock.net/vod/mp4:BigBuckBunny_115k.mp4', '1', '1', '0');

-- ----------------------------
-- Table structure for power_plc
-- ----------------------------
DROP TABLE IF EXISTS `power_plc`;
CREATE TABLE `power_plc` (
  `id` int NOT NULL AUTO_INCREMENT,
  `type` int DEFAULT NULL,
  `ts` datetime DEFAULT NULL,
  `val1` int DEFAULT NULL,
  `val2` int DEFAULT NULL,
  `val3` int DEFAULT NULL,
  `mac` varchar(255) CHARACTER SET utf8mb4 COLLATE utf8mb4_0900_ai_ci DEFAULT NULL,
  `ups` varchar(255) DEFAULT NULL,
  PRIMARY KEY (`id`)
) ENGINE=InnoDB AUTO_INCREMENT=54 DEFAULT CHARSET=utf8;

-- ----------------------------
-- Records of power_plc
-- ----------------------------
INSERT INTO `power_plc` VALUES ('1', '2', '2022-04-06 17:21:33', '100', '352', '100', '012345678912', null);
INSERT INTO `power_plc` VALUES ('2', '3', '2022-04-06 17:21:33', '100', '352', '100', '012345678912', null);
INSERT INTO `power_plc` VALUES ('3', '3', '2022-04-06 17:21:33', '100', '352', null, '012345678912', null);
INSERT INTO `power_plc` VALUES ('4', '2', '2022-04-06 17:21:33', '100', null, null, '012345678912', null);
INSERT INTO `power_plc` VALUES ('5', '3', '2022-04-06 17:21:33', '100', '352', null, '012345678912', null);
INSERT INTO `power_plc` VALUES ('6', '0', '2022-04-06 17:21:33', '100', null, null, '012345678912', null);
INSERT INTO `power_plc` VALUES ('7', '4', '2022-04-06 17:21:33', null, null, null, '012345678912', null);
INSERT INTO `power_plc` VALUES ('8', '4', '2022-04-06 17:21:33', null, null, null, '012345678912', null);
INSERT INTO `power_plc` VALUES ('9', '4', '2022-04-06 17:21:33', null, null, null, '012345678912', null);
INSERT INTO `power_plc` VALUES ('10', '4', '2022-04-06 17:21:33', null, null, null, '012345678922', null);
INSERT INTO `power_plc` VALUES ('11', '4', '2022-04-06 17:21:33', null, null, null, '012345678922', null);
INSERT INTO `power_plc` VALUES ('12', '4', '2022-04-06 17:21:33', null, null, null, '012345678922', null);
INSERT INTO `power_plc` VALUES ('13', '4', '2022-04-06 17:21:33', null, null, null, '012345678912', null);
INSERT INTO `power_plc` VALUES ('14', '3', '2022-04-06 17:21:33', '100', '352', null, '012345678912', '0000');
INSERT INTO `power_plc` VALUES ('15', '3', '2022-04-06 17:21:33', '100', '352', null, '012345678922', null);
INSERT INTO `power_plc` VALUES ('16', '3', '2022-04-06 17:21:33', '100', '372', null, '012345678912', null);
INSERT INTO `power_plc` VALUES ('17', '3', '2022-04-06 17:21:33', '200', '372', null, '012345678912', null);
INSERT INTO `power_plc` VALUES ('18', '3', '2022-04-06 17:21:33', '251', '371', null, '012345678912', null);
INSERT INTO `power_plc` VALUES ('19', '3', '2022-04-06 17:21:33', '251', '371', null, '012345678912', null);
INSERT INTO `power_plc` VALUES ('20', '3', '2022-04-06 17:21:33', '241', '371', null, '012345678912', null);
INSERT INTO `power_plc` VALUES ('21', '3', '2022-10-07 20:00:33', '241', '371', null, '012345678912', null);
INSERT INTO `power_plc` VALUES ('22', '3', '2022-04-06 17:21:33', '241', '345', null, '012345678912', null);
INSERT INTO `power_plc` VALUES ('23', '3', '2022-04-13 15:44:14', '216', '495', null, 'E0DCA097F943', null);
INSERT INTO `power_plc` VALUES ('24', '3', '2022-04-13 15:44:16', '216', '494', null, 'E0DCA097F943', null);
INSERT INTO `power_plc` VALUES ('25', '3', '2022-04-13 15:44:18', '217', '494', null, 'E0DCA097F943', null);
INSERT INTO `power_plc` VALUES ('26', '3', '2022-10-16 17:22:20', '217', '494', null, 'E0DCA097F943', null);
INSERT INTO `power_plc` VALUES ('27', '3', '2022-04-13 15:44:22', '217', '494', null, 'E0DCA097F943', null);
INSERT INTO `power_plc` VALUES ('28', '3', '2022-04-13 15:44:24', '217', '494', null, 'E0DCA097F943', null);
INSERT INTO `power_plc` VALUES ('29', '3', '2022-04-13 15:44:26', '217', '493', null, 'E0DCA097F943', null);
INSERT INTO `power_plc` VALUES ('30', '3', '2022-04-13 15:44:28', '217', '492', null, 'E0DCA097F943', null);
INSERT INTO `power_plc` VALUES ('31', '3', '2022-04-13 15:44:30', '217', '492', null, 'E0DCA097F943', null);
INSERT INTO `power_plc` VALUES ('32', '3', '2022-04-13 15:44:32', '217', '492', null, 'E0DCA097F943', null);
INSERT INTO `power_plc` VALUES ('33', '3', '2022-04-13 15:44:34', '217', '491', null, 'E0DCA097F943', null);
INSERT INTO `power_plc` VALUES ('34', '3', '2022-04-13 15:44:36', '217', '491', null, 'E0DCA097F943', null);
INSERT INTO `power_plc` VALUES ('35', '3', '2022-04-13 15:44:38', '217', '491', null, 'E0DCA097F943', null);
INSERT INTO `power_plc` VALUES ('36', '3', '2022-04-13 15:44:40', '217', '491', null, 'E0DCA097F943', null);
INSERT INTO `power_plc` VALUES ('37', '3', '2022-04-13 15:44:42', '217', '491', null, 'E0DCA097F943', null);
INSERT INTO `power_plc` VALUES ('38', '3', '2022-04-13 15:44:44', '217', '491', null, 'E0DCA097F943', null);
INSERT INTO `power_plc` VALUES ('39', '3', '2022-04-13 15:44:47', '217', '491', null, 'E0DCA097F943', null);
INSERT INTO `power_plc` VALUES ('40', '3', '2022-04-13 15:44:49', '216', '491', null, 'E0DCA097F943', null);
INSERT INTO `power_plc` VALUES ('41', '3', '2022-04-13 15:44:51', '217', '494', null, 'E0DCA097F943', null);
INSERT INTO `power_plc` VALUES ('42', '3', '2022-04-13 15:44:53', '217', '530', null, 'E0DCA097F943', null);
INSERT INTO `power_plc` VALUES ('43', '3', '2022-04-13 15:44:55', '217', '557', null, 'E0DCA097F943', null);
INSERT INTO `power_plc` VALUES ('44', '3', '2022-04-13 15:44:57', '217', '616', null, 'E0DCA097F943', null);
INSERT INTO `power_plc` VALUES ('45', '3', '2022-04-13 15:44:59', '217', '669', null, 'E0DCA097F943', null);
INSERT INTO `power_plc` VALUES ('46', '3', '2022-04-13 15:45:01', '218', '717', null, 'E0DCA097F943', null);
INSERT INTO `power_plc` VALUES ('47', '3', '2022-04-13 15:45:03', '219', '758', null, 'E0DCA097F943', null);
INSERT INTO `power_plc` VALUES ('48', '3', '2022-04-13 15:45:05', '219', '792', null, 'E0DCA097F943', null);
INSERT INTO `power_plc` VALUES ('49', '3', '2022-04-13 15:45:07', '220', '817', null, 'E0DCA097F943', null);
INSERT INTO `power_plc` VALUES ('50', '3', '2022-04-13 15:45:09', '220', '822', null, 'E0DCA097F943', null);
INSERT INTO `power_plc` VALUES ('51', '3', '2022-04-13 15:45:11', '220', '802', null, 'E0DCA097F943', null);
INSERT INTO `power_plc` VALUES ('52', '3', '2022-04-13 15:45:13', '221', '782', null, 'E0DCA097F943', null);
INSERT INTO `power_plc` VALUES ('53', '3', '2022-04-13 15:45:15', '221', '732', null, 'E0DCA097F943', null);

-- ----------------------------
-- Table structure for power_yuanhang
-- ----------------------------
DROP TABLE IF EXISTS `power_yuanhang`;
CREATE TABLE `power_yuanhang` (
  `id` int NOT NULL AUTO_INCREMENT,
  `ups_id` varchar(10) DEFAULT NULL,
  `ci` int DEFAULT NULL,
  `dt` datetime DEFAULT NULL,
  `vf` int DEFAULT NULL,
  `pva_state` int DEFAULT NULL,
  `pva_V` double(8,1) DEFAULT NULL,
  `pva_alarm_V` int DEFAULT NULL,
  `pva_I` double(8,1) DEFAULT NULL,
  `pva_alarm_I` int DEFAULT NULL,
  `pvb_state` int DEFAULT NULL,
  `pvb_V` double(8,1) DEFAULT NULL,
  `pvb_alarm_V` int DEFAULT NULL,
  `pvb_I` double(8,1) DEFAULT NULL,
  `pvb_alarm_I` int DEFAULT NULL,
  `av` double(8,1) DEFAULT NULL,
  `ba_ConnectState` int DEFAULT NULL,
  `ba_ChargeState` int DEFAULT NULL,
  `bb_ConnectState` int DEFAULT NULL,
  `bb_ChargeState` int DEFAULT NULL,
  `pt` double(8,1) DEFAULT NULL,
  `ea_temperature` double(8,1) DEFAULT NULL,
  `ea_humidity` double(8,1) DEFAULT NULL,
  `eb_temperature` double(8,1) DEFAULT NULL,
  `eb_humidity` double(8,1) DEFAULT NULL,
  `ap` double(8,1) DEFAULT NULL,
  `sv1_state` int DEFAULT NULL,
  `sv1_V` double(8,1) DEFAULT NULL,
  `sv1_A` double(8,1) DEFAULT NULL,
  `sv2_state` int DEFAULT NULL,
  `sv2_V` double(8,1) DEFAULT NULL,
  `sv2_A` double(8,1) DEFAULT NULL,
  `sv3_state` int DEFAULT NULL,
  `sv3_V` double(8,1) DEFAULT NULL,
  `sv3_A` double(8,1) DEFAULT NULL,
  `sv4_state` int DEFAULT NULL,
  `sv4_V` double(8,1) DEFAULT NULL,
  `sv4_A` double(8,1) DEFAULT NULL,
  `sv5_state` int DEFAULT NULL,
  `sv5_V` double(8,1) DEFAULT NULL,
  `sv5_A` double(8,1) DEFAULT NULL,
  `sv6_state` int DEFAULT NULL,
  `sv6_V` double(8,1) DEFAULT NULL,
  `sv6_A` double(8,1) DEFAULT NULL,
  `vab_a` double(8,1) DEFAULT NULL,
  `vab_b` double(8,1) DEFAULT NULL,
  `a1_V` double(8,1) DEFAULT NULL,
  `a1_C` double(8,1) DEFAULT NULL,
  `a1_R` double(8,1) DEFAULT NULL,
  `a2_V` double(8,1) DEFAULT NULL,
  `a2_C` double(8,1) DEFAULT NULL,
  `a2_R` double(8,1) DEFAULT NULL,
  `a3_V` double(8,1) DEFAULT NULL,
  `a3_C` double(8,1) DEFAULT NULL,
  `a3_R` double(8,1) DEFAULT NULL,
  `a4_V` double(8,1) DEFAULT NULL,
  `a4_C` double(8,1) DEFAULT NULL,
  `a4_R` double(8,1) DEFAULT NULL,
  `a5_V` double(8,1) DEFAULT NULL,
  `a5_C` double(8,1) DEFAULT NULL,
  `a5_R` double(8,1) DEFAULT NULL,
  `a6_V` double(8,1) DEFAULT NULL,
  `a6_C` double(8,1) DEFAULT NULL,
  `a6_R` double(8,1) DEFAULT NULL,
  `b1_V` double(8,1) DEFAULT NULL,
  `b1_C` double(8,1) DEFAULT NULL,
  `b1_R` double(8,1) DEFAULT NULL,
  `b2_V` double(8,1) DEFAULT NULL,
  `b2_C` double(8,1) DEFAULT NULL,
  `b2_R` double(8,1) DEFAULT NULL,
  `b3_V` double(8,1) DEFAULT NULL,
  `b3_C` double(8,1) DEFAULT NULL,
  `b3_R` double(8,1) DEFAULT NULL,
  `b4_V` double(8,1) DEFAULT NULL,
  `b4_C` double(8,1) DEFAULT NULL,
  `b4_R` double(8,1) DEFAULT NULL,
  `b5_V` double(8,1) DEFAULT NULL,
  `b5_C` double(8,1) DEFAULT NULL,
  `b5_R` double(8,1) DEFAULT NULL,
  `b6_V` double(8,1) DEFAULT NULL,
  `b6_C` double(8,1) DEFAULT NULL,
  `b6_R` double(8,1) DEFAULT NULL,
  `di_megnetic` int DEFAULT NULL,
  `di_smog` int DEFAULT NULL,
  `di_water` int DEFAULT NULL,
  `di_infrared` int DEFAULT NULL,
  `di_intelligence` int DEFAULT NULL,
  `iw_1` int DEFAULT NULL,
  `iw_2` int DEFAULT NULL,
  `iw_3` int DEFAULT NULL,
  `iw_4` int DEFAULT NULL,
  `iw_5` int DEFAULT NULL,
  `iw_6` int DEFAULT NULL,
  `tw_temperatureA` int DEFAULT NULL,
  `tw_temperatureB` int DEFAULT NULL,
  `tw_humidityA` int DEFAULT NULL,
  `tw_humidityB` int DEFAULT NULL,
  `tw_voltage` int DEFAULT NULL,
  `tw_power` int DEFAULT NULL,
  `tw_UnderVoltageA` int DEFAULT NULL,
  `tw_UnderVoltageB` int DEFAULT NULL,
  `oi_1` int DEFAULT NULL,
  `oi_2` int DEFAULT NULL,
  `oi_3` int DEFAULT NULL,
  `oi_4` int DEFAULT NULL,
  `oi_5` int DEFAULT NULL,
  `oi_6` int DEFAULT NULL,
  `AT` double(8,1) DEFAULT NULL,
  PRIMARY KEY (`id`)
) ENGINE=InnoDB AUTO_INCREMENT=37 DEFAULT CHARSET=utf8mb4 COLLATE=utf8mb4_0900_ai_ci;

-- ----------------------------
-- Records of power_yuanhang
-- ----------------------------
INSERT INTO `power_yuanhang` VALUES ('1', 'RH.10894', '1', '2020-11-25 09:28:18', '1', '0', '0.3', '0', '0.0', '0', '0', '0.2', '0', '0.0', '0', '0.0', '0', '0', '1', '0', '21.0', '9999.9', '0.0', '9999.9', '0.0', '0.0', '1', '12.4', '0.0', '1', '12.3', '0.0', '1', '12.3', '0.1', '1', '12.3', '0.0', '1', '12.3', '0.0', '1', '12.3', '0.0', '1.3', '12.3', '0.0', '999.9', '0.0', '0.0', '999.9', '0.0', '0.0', '999.9', '0.0', '0.0', '999.9', '0.0', '0.0', '999.9', '0.0', '0.0', '999.9', '0.0', '0.0', '999.9', '0.0', '0.0', '999.9', '0.0', '0.0', '999.9', '0.0', '0.0', '999.9', '0.0', '0.0', '999.9', '0.0', '0.0', '999.9', '0.0', '1', '0', '0', '0', '0', '0', '0', '0', '0', '0', '0', '0', '0', '0', '0', '0', '0', '1', '0', '0', '0', '0', '0', '0', '0', '15.0');
INSERT INTO `power_yuanhang` VALUES ('2', 'RH.10894', '1', '2022-10-15 11:38:10', '1', '0', '0.3', '0', '0.0', '0', '0', '0.2', '0', '0.0', '0', '40.0', '0', '0', '1', '0', '21.0', '9999.9', '0.0', '9999.9', '0.0', '0.0', '1', '12.4', '0.0', '1', '12.3', '0.0', '1', '12.3', '0.1', '1', '12.3', '0.0', '1', '12.3', '0.0', '1', '12.3', '0.0', '20.0', '12.3', '0.0', '999.9', '0.0', '0.0', '999.9', '0.0', '0.0', '999.9', '0.0', '0.0', '999.9', '0.0', '0.0', '999.9', '0.0', '0.0', '999.9', '0.0', '0.0', '999.9', '0.0', '0.0', '999.9', '0.0', '0.0', '999.9', '0.0', '0.0', '999.9', '0.0', '0.0', '999.9', '0.0', '0.0', '999.9', '0.0', '1', '0', '0', '0', '0', '0', '0', '0', '0', '0', '0', '0', '0', '0', '0', '0', '0', '0', '0', '0', '0', '0', '0', '0', '0', '15.0');
INSERT INTO `power_yuanhang` VALUES ('4', 'RH.10894', '1', '2020-11-25 09:28:18', '1', '0', '0.3', '0', '0.0', '0', '0', '0.2', '0', '0.0', '0', '0.0', '0', '0', '1', '0', '21.0', '9999.9', '0.0', '9999.9', '0.0', '0.0', '1', '12.4', '0.0', '1', '12.3', '0.0', '1', '12.3', '0.1', '1', '12.3', '0.0', '1', '12.3', '0.0', '1', '12.3', '0.0', '1.3', '12.3', '0.0', '999.9', '0.0', '0.0', '999.9', '0.0', '0.0', '999.9', '0.0', '0.0', '999.9', '0.0', '0.0', '999.9', '0.0', '0.0', '999.9', '0.0', '0.0', '999.9', '0.0', '0.0', '999.9', '0.0', '0.0', '999.9', '0.0', '0.0', '999.9', '0.0', '0.0', '999.9', '0.0', '0.0', '999.9', '0.0', '1', '0', '0', '0', '0', '0', '0', '0', '0', '0', '0', '0', '0', '0', '0', '0', '0', '1', '0', '0', '0', '0', '0', '0', '0', '15.0');
INSERT INTO `power_yuanhang` VALUES ('5', 'RH.10894', '1', '2020-11-25 09:28:18', '1', '0', '0.3', '0', '0.0', '0', '0', '0.2', '0', '0.0', '0', '0.0', '0', '0', '1', '0', '21.0', '9999.9', '0.0', '9999.9', '0.0', '0.0', '1', '12.4', '0.0', '1', '12.3', '0.0', '1', '12.3', '0.1', '1', '12.3', '0.0', '1', '12.3', '0.0', '1', '12.3', '0.0', '1.3', '12.3', '0.0', '999.9', '0.0', '0.0', '999.9', '0.0', '0.0', '999.9', '0.0', '0.0', '999.9', '0.0', '0.0', '999.9', '0.0', '0.0', '999.9', '0.0', '0.0', '999.9', '0.0', '0.0', '999.9', '0.0', '0.0', '999.9', '0.0', '0.0', '999.9', '0.0', '0.0', '999.9', '0.0', '0.0', '999.9', '0.0', '1', '0', '0', '0', '0', '0', '0', '0', '0', '0', '0', '0', '0', '0', '0', '0', '0', '1', '0', '0', '0', '0', '0', '0', '0', '15.0');
INSERT INTO `power_yuanhang` VALUES ('6', 'RH.10894', '1', '2020-11-25 09:28:18', '1', '0', '0.3', '0', '0.0', '0', '0', '0.2', '0', '0.0', '0', '0.0', '0', '0', '1', '0', '21.0', '9999.9', '0.0', '9999.9', '0.0', '0.0', '1', '12.4', '0.0', '1', '12.3', '0.0', '1', '12.3', '0.1', '1', '12.3', '0.0', '1', '12.3', '0.0', '1', '12.3', '0.0', '1.3', '12.3', '0.0', '999.9', '0.0', '0.0', '999.9', '0.0', '0.0', '999.9', '0.0', '0.0', '999.9', '0.0', '0.0', '999.9', '0.0', '0.0', '999.9', '0.0', '0.0', '999.9', '0.0', '0.0', '999.9', '0.0', '0.0', '999.9', '0.0', '0.0', '999.9', '0.0', '0.0', '999.9', '0.0', '0.0', '999.9', '0.0', '1', '0', '0', '0', '0', '0', '0', '0', '0', '0', '0', '0', '0', '0', '0', '0', '0', '1', '0', '0', '0', '0', '0', '0', '0', '15.0');
INSERT INTO `power_yuanhang` VALUES ('7', 'RH.10581', '0', '2021-06-03 12:33:07', '2', '0', '0.5', '0', '0.0', '0', '1', '14.4', '0', '0.0', '0', '217.0', '1', '3', '1', '0', '30.0', '26.8', '61.0', '27.3', '58.0', '100.0', '1', '12.3', '0.6', '1', '12.4', '0.1', '1', '12.4', '0.0', '1', '12.3', '0.0', '1', '12.4', '0.0', '1', '12.4', '0.0', '14.0', '12.8', '0.0', '999.9', '0.0', '0.0', '999.9', '0.0', '0.0', '999.9', '0.0', '0.0', '999.9', '0.0', '0.0', '999.9', '0.0', '0.0', '999.9', '0.0', '0.0', '999.9', '0.0', '0.0', '999.9', '0.0', '0.0', '999.9', '0.0', '0.0', '999.9', '0.0', '0.0', '999.9', '0.0', '0.0', '999.9', '0.0', '1', '1', '0', '0', '0', '0', '0', '0', '0', '0', '0', '0', '0', '0', '0', '0', '0', '0', '0', '0', '0', '0', '0', '0', '0', '30.0');
INSERT INTO `power_yuanhang` VALUES ('8', 'RH.10581', '0', '2022-10-17 11:36:07', '2', '0', '0.5', '0', '0.0', '0', '1', '14.2', '0', '6.5', '0', '217.0', '1', '1', '1', '0', '30.0', '26.7', '59.0', '27.3', '57.0', '100.0', '1', '12.3', '0.6', '1', '12.4', '0.0', '1', '12.4', '0.0', '1', '12.3', '0.0', '1', '12.4', '0.0', '1', '12.4', '0.0', '14.2', '12.8', '0.0', '999.9', '0.0', '0.0', '999.9', '0.0', '0.0', '999.9', '0.0', '0.0', '999.9', '0.0', '0.0', '999.9', '0.0', '0.0', '999.9', '0.0', '0.0', '999.9', '0.0', '0.0', '999.9', '0.0', '0.0', '999.9', '0.0', '0.0', '999.9', '0.0', '0.0', '999.9', '0.0', '0.0', '999.9', '0.0', '1', '1', '0', '0', '0', '0', '0', '0', '0', '0', '0', '0', '0', '0', '0', '0', '0', '0', '0', '0', '0', '0', '0', '0', '0', '30.0');
INSERT INTO `power_yuanhang` VALUES ('9', 'RH.10581', '0', '2021-06-03 12:56:07', '2', '0', '0.5', '0', '0.0', '0', '1', '14.2', '0', '6.5', '0', '217.0', '1', '1', '1', '0', '30.0', '26.7', '59.0', '27.3', '57.0', '100.0', '1', '12.3', '0.6', '1', '12.4', '0.0', '1', '12.4', '0.0', '1', '12.3', '0.0', '1', '12.4', '0.0', '1', '12.4', '0.0', '14.2', '12.8', '0.0', '999.9', '0.0', '0.0', '999.9', '0.0', '0.0', '999.9', '0.0', '0.0', '999.9', '0.0', '0.0', '999.9', '0.0', '0.0', '999.9', '0.0', '0.0', '999.9', '0.0', '0.0', '999.9', '0.0', '0.0', '999.9', '0.0', '0.0', '999.9', '0.0', '0.0', '999.9', '0.0', '0.0', '999.9', '0.0', '1', '1', '0', '0', '0', '0', '0', '0', '0', '0', '0', '0', '0', '0', '0', '0', '0', '0', '0', '0', '0', '0', '0', '0', '0', '30.0');
INSERT INTO `power_yuanhang` VALUES ('10', 'RH.10581', '0', '2021-06-03 12:56:07', '2', '0', '0.5', '0', '0.0', '0', '1', '14.2', '0', '6.5', '0', '217.0', '1', '1', '1', '0', '30.0', '26.7', '59.0', '27.3', '57.0', '100.0', '1', '12.3', '0.6', '1', '12.4', '0.0', '1', '12.4', '0.0', '1', '12.3', '0.0', '1', '12.4', '0.0', '1', '12.4', '0.0', '14.2', '12.8', '0.0', '999.9', '0.0', '0.0', '999.9', '0.0', '0.0', '999.9', '0.0', '0.0', '999.9', '0.0', '0.0', '999.9', '0.0', '0.0', '999.9', '0.0', '0.0', '999.9', '0.0', '0.0', '999.9', '0.0', '0.0', '999.9', '0.0', '0.0', '999.9', '0.0', '0.0', '999.9', '0.0', '0.0', '999.9', '0.0', '1', '1', '0', '0', '0', '0', '0', '0', '0', '0', '0', '0', '0', '0', '0', '0', '0', '0', '0', '0', '0', '0', '0', '0', '0', '30.0');
INSERT INTO `power_yuanhang` VALUES ('11', 'RH.10581', '0', '2021-06-03 12:56:07', '2', '0', '0.5', '0', '0.0', '0', '1', '14.2', '0', '6.5', '0', '217.0', '1', '1', '1', '0', '30.0', '26.7', '59.0', '27.3', '57.0', '100.0', '1', '12.3', '0.6', '1', '12.4', '0.0', '1', '12.4', '0.0', '1', '12.3', '0.0', '1', '12.4', '0.0', '1', '12.4', '0.0', '14.2', '12.8', '0.0', '999.9', '0.0', '0.0', '999.9', '0.0', '0.0', '999.9', '0.0', '0.0', '999.9', '0.0', '0.0', '999.9', '0.0', '0.0', '999.9', '0.0', '0.0', '999.9', '0.0', '0.0', '999.9', '0.0', '0.0', '999.9', '0.0', '0.0', '999.9', '0.0', '0.0', '999.9', '0.0', '0.0', '999.9', '0.0', '1', '1', '0', '0', '0', '0', '0', '0', '0', '0', '0', '0', '0', '0', '0', '0', '0', '0', '0', '0', '0', '0', '0', '0', '0', '30.0');
INSERT INTO `power_yuanhang` VALUES ('12', 'RH.10581', '0', '2021-06-03 12:56:07', '2', '0', '0.5', '0', '0.0', '0', '1', '14.2', '0', '6.5', '0', '217.0', '1', '1', '1', '0', '30.0', '26.7', '59.0', '27.3', '57.0', '100.0', '1', '12.3', '0.6', '1', '12.4', '0.0', '1', '12.4', '0.0', '1', '12.3', '0.0', '1', '12.4', '0.0', '1', '12.4', '0.0', '14.2', '12.8', '0.0', '999.9', '0.0', '0.0', '999.9', '0.0', '0.0', '999.9', '0.0', '0.0', '999.9', '0.0', '0.0', '999.9', '0.0', '0.0', '999.9', '0.0', '0.0', '999.9', '0.0', '0.0', '999.9', '0.0', '0.0', '999.9', '0.0', '0.0', '999.9', '0.0', '0.0', '999.9', '0.0', '0.0', '999.9', '0.0', '1', '1', '0', '0', '0', '0', '0', '0', '0', '0', '0', '0', '0', '0', '0', '0', '0', '0', '0', '0', '0', '0', '0', '0', '0', '30.0');
INSERT INTO `power_yuanhang` VALUES ('13', 'RH.10581', '0', '2021-06-03 12:56:07', '2', '0', '0.5', '0', '0.0', '0', '1', '14.2', '0', '6.5', '0', '217.0', '1', '1', '1', '0', '30.0', '26.7', '59.0', '27.3', '57.0', '100.0', '1', '12.3', '0.6', '1', '12.4', '0.0', '1', '12.4', '0.0', '1', '12.3', '0.0', '1', '12.4', '0.0', '1', '12.4', '0.0', '14.2', '12.8', '0.0', '999.9', '0.0', '0.0', '999.9', '0.0', '0.0', '999.9', '0.0', '0.0', '999.9', '0.0', '0.0', '999.9', '0.0', '0.0', '999.9', '0.0', '0.0', '999.9', '0.0', '0.0', '999.9', '0.0', '0.0', '999.9', '0.0', '0.0', '999.9', '0.0', '0.0', '999.9', '0.0', '0.0', '999.9', '0.0', '1', '1', '0', '0', '0', '0', '0', '0', '0', '0', '0', '0', '0', '0', '0', '0', '0', '0', '0', '0', '0', '0', '0', '0', '0', '30.0');
INSERT INTO `power_yuanhang` VALUES ('14', 'RH.10581', '0', '2021-06-03 12:56:07', '2', '0', '0.5', '0', '0.0', '0', '1', '14.2', '0', '6.5', '0', '217.0', '1', '1', '1', '0', '30.0', '26.7', '59.0', '27.3', '57.0', '100.0', '1', '12.3', '0.6', '1', '12.4', '0.0', '1', '12.4', '0.0', '1', '12.3', '0.0', '1', '12.4', '0.0', '1', '12.4', '0.0', '14.2', '12.8', '0.0', '999.9', '0.0', '0.0', '999.9', '0.0', '0.0', '999.9', '0.0', '0.0', '999.9', '0.0', '0.0', '999.9', '0.0', '0.0', '999.9', '0.0', '0.0', '999.9', '0.0', '0.0', '999.9', '0.0', '0.0', '999.9', '0.0', '0.0', '999.9', '0.0', '0.0', '999.9', '0.0', '0.0', '999.9', '0.0', '1', '1', '0', '0', '0', '0', '0', '0', '0', '0', '0', '0', '0', '0', '0', '0', '0', '0', '0', '0', '0', '0', '0', '0', '0', '30.0');
INSERT INTO `power_yuanhang` VALUES ('15', 'RH.10581', '0', '2021-06-03 12:56:07', '2', '0', '0.5', '0', '0.0', '0', '1', '14.2', '0', '6.5', '0', '217.0', '1', '1', '1', '0', '30.0', '26.7', '59.0', '27.3', '57.0', '100.0', '1', '12.3', '0.6', '1', '12.4', '0.0', '1', '12.4', '0.0', '1', '12.3', '0.0', '1', '12.4', '0.0', '1', '12.4', '0.0', '14.2', '12.8', '0.0', '999.9', '0.0', '0.0', '999.9', '0.0', '0.0', '999.9', '0.0', '0.0', '999.9', '0.0', '0.0', '999.9', '0.0', '0.0', '999.9', '0.0', '0.0', '999.9', '0.0', '0.0', '999.9', '0.0', '0.0', '999.9', '0.0', '0.0', '999.9', '0.0', '0.0', '999.9', '0.0', '0.0', '999.9', '0.0', '1', '1', '0', '0', '0', '0', '0', '0', '0', '0', '0', '0', '0', '0', '0', '0', '0', '0', '0', '0', '0', '0', '0', '0', '0', '30.0');
INSERT INTO `power_yuanhang` VALUES ('16', 'RH.10581', '0', '2021-06-03 17:16:13', '2', '0', '0.5', '0', '0.0', '0', '1', '14.4', '0', '0.0', '0', '217.0', '1', '3', '1', '0', '30.0', '26.1', '58.0', '27.0', '55.0', '100.0', '1', '12.4', '0.5', '1', '12.4', '0.0', '1', '12.4', '0.0', '1', '12.3', '0.0', '1', '12.4', '0.0', '1', '12.4', '0.0', '14.0', '12.8', '0.0', '999.9', '0.0', '0.0', '999.9', '0.0', '0.0', '999.9', '0.0', '0.0', '999.9', '0.0', '0.0', '999.9', '0.0', '0.0', '999.9', '0.0', '0.0', '999.9', '0.0', '0.0', '999.9', '0.0', '0.0', '999.9', '0.0', '0.0', '999.9', '0.0', '0.0', '999.9', '0.0', '0.0', '999.9', '0.0', '1', '1', '0', '0', '0', '0', '0', '0', '0', '0', '0', '0', '0', '0', '0', '0', '0', '0', '0', '0', '0', '0', '0', '0', '0', '30.0');
INSERT INTO `power_yuanhang` VALUES ('17', 'RH.10581', '0', '2021-06-03 17:22:04', '2', '0', '0.5', '0', '0.0', '0', '1', '14.4', '0', '0.0', '0', '217.0', '1', '3', '1', '0', '30.0', '26.2', '58.0', '26.9', '55.0', '100.0', '1', '12.3', '0.6', '1', '12.4', '0.0', '1', '12.4', '0.0', '1', '12.3', '0.0', '1', '12.4', '0.0', '1', '12.4', '0.0', '13.8', '12.8', '0.0', '999.9', '0.0', '0.0', '999.9', '0.0', '0.0', '999.9', '0.0', '0.0', '999.9', '0.0', '0.0', '999.9', '0.0', '0.0', '999.9', '0.0', '0.0', '999.9', '0.0', '0.0', '999.9', '0.0', '0.0', '999.9', '0.0', '0.0', '999.9', '0.0', '0.0', '999.9', '0.0', '0.0', '999.9', '0.0', '1', '1', '0', '0', '0', '0', '0', '0', '0', '0', '0', '0', '0', '0', '0', '0', '0', '0', '0', '0', '0', '0', '0', '0', '0', '30.0');
INSERT INTO `power_yuanhang` VALUES ('18', 'RH.10581', '0', '2021-06-03 17:22:55', '2', '0', '0.5', '0', '0.0', '0', '1', '14.4', '0', '0.0', '0', '217.0', '1', '3', '1', '0', '30.0', '26.2', '58.0', '26.9', '55.0', '100.0', '1', '12.4', '0.5', '1', '12.4', '0.0', '1', '12.4', '0.0', '1', '12.3', '0.0', '1', '12.4', '0.0', '1', '12.4', '0.0', '16.0', '10.0', '0.0', '999.9', '0.0', '0.0', '999.9', '0.0', '0.0', '999.9', '0.0', '0.0', '999.9', '0.0', '0.0', '999.9', '0.0', '0.0', '999.9', '0.0', '0.0', '999.9', '0.0', '0.0', '999.9', '0.0', '0.0', '999.9', '0.0', '0.0', '999.9', '0.0', '0.0', '999.9', '0.0', '0.0', '999.9', '0.0', '1', '1', '0', '0', '0', '0', '0', '0', '0', '0', '0', '0', '0', '0', '0', '0', '0', '0', '0', '0', '0', '0', '0', '0', '0', '30.0');
INSERT INTO `power_yuanhang` VALUES ('19', 'RH.10581', '0', '2021-06-03 17:16:13', '2', '0', '0.5', '0', '0.0', '0', '1', '14.4', '0', '0.0', '0', '217.0', '1', '3', '1', '0', '30.0', '26.1', '58.0', '27.0', '55.0', '100.0', '1', '12.4', '0.5', '1', '12.4', '0.0', '1', '12.4', '0.0', '1', '12.3', '0.0', '1', '12.4', '0.0', '1', '12.4', '0.0', '14.0', '12.8', '0.0', '999.9', '0.0', '0.0', '999.9', '0.0', '0.0', '999.9', '0.0', '0.0', '999.9', '0.0', '0.0', '999.9', '0.0', '0.0', '999.9', '0.0', '0.0', '999.9', '0.0', '0.0', '999.9', '0.0', '0.0', '999.9', '0.0', '0.0', '999.9', '0.0', '0.0', '999.9', '0.0', '0.0', '999.9', '0.0', '1', '1', '0', '0', '0', '0', '0', '0', '0', '0', '0', '0', '0', '0', '0', '0', '0', '0', '0', '0', '0', '0', '0', '0', '0', '30.0');
INSERT INTO `power_yuanhang` VALUES ('20', 'RH.10581', '0', '2021-06-03 17:17:03', '2', '0', '0.5', '0', '0.0', '0', '1', '14.4', '0', '1.5', '0', '217.0', '1', '1', '1', '0', '30.0', '26.1', '58.0', '27.0', '55.0', '100.0', '1', '12.3', '0.5', '1', '12.4', '0.0', '1', '12.4', '0.0', '1', '12.3', '0.0', '1', '12.4', '0.0', '1', '12.4', '0.0', '14.4', '12.8', '0.0', '999.9', '0.0', '0.0', '999.9', '0.0', '0.0', '999.9', '0.0', '0.0', '999.9', '0.0', '0.0', '999.9', '0.0', '0.0', '999.9', '0.0', '0.0', '999.9', '0.0', '0.0', '999.9', '0.0', '0.0', '999.9', '0.0', '0.0', '999.9', '0.0', '0.0', '999.9', '0.0', '0.0', '999.9', '0.0', '1', '1', '0', '0', '0', '0', '0', '0', '0', '0', '0', '0', '0', '0', '0', '0', '0', '0', '0', '0', '0', '0', '0', '0', '0', '30.0');
INSERT INTO `power_yuanhang` VALUES ('21', 'RH.10581', '0', '2021-06-03 17:18:18', '2', '0', '0.5', '0', '0.0', '0', '1', '14.4', '0', '0.0', '0', '217.0', '1', '3', '1', '0', '30.0', '26.2', '58.0', '26.9', '55.0', '100.0', '1', '12.4', '0.5', '1', '12.4', '0.0', '1', '12.4', '0.0', '1', '12.3', '0.0', '1', '12.4', '0.0', '1', '12.4', '0.0', '13.8', '12.8', '0.0', '999.9', '0.0', '0.0', '999.9', '0.0', '0.0', '999.9', '0.0', '0.0', '999.9', '0.0', '0.0', '999.9', '0.0', '0.0', '999.9', '0.0', '0.0', '999.9', '0.0', '0.0', '999.9', '0.0', '0.0', '999.9', '0.0', '0.0', '999.9', '0.0', '0.0', '999.9', '0.0', '0.0', '999.9', '0.0', '1', '1', '0', '0', '0', '0', '0', '0', '0', '0', '0', '0', '0', '0', '0', '0', '0', '0', '0', '0', '0', '0', '0', '0', '0', '30.0');
INSERT INTO `power_yuanhang` VALUES ('22', 'RH.10581', '0', '2021-06-03 17:24:10', '2', '0', '0.5', '0', '0.0', '0', '1', '14.4', '0', '0.0', '0', '217.0', '1', '3', '1', '0', '30.0', '26.2', '58.0', '26.9', '55.0', '100.0', '1', '12.4', '0.4', '1', '12.4', '0.0', '1', '12.4', '0.0', '1', '12.3', '0.0', '1', '12.4', '0.0', '1', '12.4', '0.0', '14.2', '12.8', '0.0', '999.9', '0.0', '0.0', '999.9', '0.0', '0.0', '999.9', '0.0', '0.0', '999.9', '0.0', '0.0', '999.9', '0.0', '0.0', '999.9', '0.0', '0.0', '999.9', '0.0', '0.0', '999.9', '0.0', '0.0', '999.9', '0.0', '0.0', '999.9', '0.0', '0.0', '999.9', '0.0', '0.0', '999.9', '0.0', '1', '1', '0', '0', '0', '0', '0', '0', '0', '0', '0', '0', '0', '0', '0', '0', '0', '0', '0', '0', '0', '0', '0', '0', '0', '30.0');
INSERT INTO `power_yuanhang` VALUES ('23', 'RH.10581', '0', '2021-06-03 17:19:09', '2', '0', '0.5', '0', '0.0', '0', '1', '14.4', '0', '0.0', '0', '217.0', '1', '3', '1', '0', '30.0', '26.2', '58.0', '26.9', '55.0', '100.0', '1', '12.3', '0.7', '1', '12.4', '0.0', '1', '12.4', '0.0', '1', '12.3', '0.0', '1', '12.4', '0.0', '1', '12.4', '0.0', '14.2', '12.8', '0.0', '999.9', '0.0', '0.0', '999.9', '0.0', '0.0', '999.9', '0.0', '0.0', '999.9', '0.0', '0.0', '999.9', '0.0', '0.0', '999.9', '0.0', '0.0', '999.9', '0.0', '0.0', '999.9', '0.0', '0.0', '999.9', '0.0', '0.0', '999.9', '0.0', '0.0', '999.9', '0.0', '0.0', '999.9', '0.0', '1', '1', '0', '0', '0', '0', '0', '0', '0', '0', '0', '0', '0', '0', '0', '0', '0', '0', '0', '0', '0', '0', '0', '0', '0', '30.0');
INSERT INTO `power_yuanhang` VALUES ('24', 'RH.10581', '0', '2021-06-03 17:19:59', '2', '0', '0.5', '0', '0.0', '0', '1', '14.4', '0', '0.0', '0', '217.0', '1', '3', '1', '0', '30.0', '26.2', '58.0', '26.9', '55.0', '100.0', '1', '12.4', '0.6', '1', '12.4', '0.0', '1', '12.4', '0.0', '1', '12.3', '0.0', '1', '12.4', '0.0', '1', '12.4', '0.0', '13.8', '12.8', '0.0', '999.9', '0.0', '0.0', '999.9', '0.0', '0.0', '999.9', '0.0', '0.0', '999.9', '0.0', '0.0', '999.9', '0.0', '0.0', '999.9', '0.0', '0.0', '999.9', '0.0', '0.0', '999.9', '0.0', '0.0', '999.9', '0.0', '0.0', '999.9', '0.0', '0.0', '999.9', '0.0', '0.0', '999.9', '0.0', '1', '1', '0', '0', '0', '0', '0', '0', '0', '0', '0', '0', '0', '0', '0', '0', '0', '0', '0', '0', '0', '0', '0', '0', '0', '30.0');
INSERT INTO `power_yuanhang` VALUES ('25', 'RH.10581', '0', '2021-06-03 17:21:14', '2', '0', '0.5', '0', '0.0', '0', '1', '14.4', '0', '0.0', '0', '217.0', '1', '3', '1', '0', '30.0', '26.2', '58.0', '26.9', '55.0', '100.0', '1', '12.4', '0.6', '1', '12.4', '0.0', '1', '12.4', '0.0', '1', '12.3', '0.0', '1', '12.4', '0.0', '1', '12.4', '0.0', '14.0', '12.8', '0.0', '999.9', '0.0', '0.0', '999.9', '0.0', '0.0', '999.9', '0.0', '0.0', '999.9', '0.0', '0.0', '999.9', '0.0', '0.0', '999.9', '0.0', '0.0', '999.9', '0.0', '0.0', '999.9', '0.0', '0.0', '999.9', '0.0', '0.0', '999.9', '0.0', '0.0', '999.9', '0.0', '0.0', '999.9', '0.0', '1', '1', '0', '0', '0', '0', '0', '0', '0', '0', '0', '0', '0', '0', '0', '0', '0', '0', '0', '0', '0', '0', '0', '0', '0', '30.0');
INSERT INTO `power_yuanhang` VALUES ('26', 'RH.10581', '0', '2021-06-03 17:22:04', '2', '0', '0.5', '0', '0.0', '0', '1', '14.4', '0', '0.0', '0', '217.0', '1', '3', '1', '0', '30.0', '26.2', '58.0', '26.9', '55.0', '100.0', '1', '12.3', '0.6', '1', '12.4', '0.0', '1', '12.4', '0.0', '1', '12.3', '0.0', '1', '12.4', '0.0', '1', '12.4', '0.0', '13.8', '12.8', '0.0', '999.9', '0.0', '0.0', '999.9', '0.0', '0.0', '999.9', '0.0', '0.0', '999.9', '0.0', '0.0', '999.9', '0.0', '0.0', '999.9', '0.0', '0.0', '999.9', '0.0', '0.0', '999.9', '0.0', '0.0', '999.9', '0.0', '0.0', '999.9', '0.0', '0.0', '999.9', '0.0', '0.0', '999.9', '0.0', '1', '1', '0', '0', '0', '0', '0', '0', '0', '0', '0', '0', '0', '0', '0', '0', '0', '0', '0', '0', '0', '0', '0', '0', '0', '30.0');
INSERT INTO `power_yuanhang` VALUES ('27', 'RH.10581', '0', '2021-06-03 17:22:55', '2', '0', '0.5', '0', '0.0', '0', '1', '14.4', '0', '0.0', '0', '217.0', '1', '3', '1', '0', '30.0', '26.2', '58.0', '26.9', '55.0', '100.0', '1', '12.4', '0.5', '1', '12.4', '0.0', '1', '12.4', '0.0', '1', '12.3', '0.0', '1', '12.4', '0.0', '1', '12.4', '0.0', '14.0', '12.8', '0.0', '999.9', '0.0', '0.0', '999.9', '0.0', '0.0', '999.9', '0.0', '0.0', '999.9', '0.0', '0.0', '999.9', '0.0', '0.0', '999.9', '0.0', '0.0', '999.9', '0.0', '0.0', '999.9', '0.0', '0.0', '999.9', '0.0', '0.0', '999.9', '0.0', '0.0', '999.9', '0.0', '0.0', '999.9', '0.0', '1', '1', '0', '0', '0', '0', '0', '0', '0', '0', '0', '0', '0', '0', '0', '0', '0', '0', '0', '0', '0', '0', '0', '0', '0', '30.0');
INSERT INTO `power_yuanhang` VALUES ('28', 'RH.10581', '0', '2022-10-06 20:00:00', '2', '0', '0.5', '0', '0.0', '0', '1', '14.4', '0', '0.0', '0', '217.0', '1', '3', '1', '0', '30.0', '26.2', '58.0', '26.9', '55.0', '100.0', '1', '12.3', '0.6', '1', '12.4', '0.0', '1', '12.4', '0.0', '1', '12.3', '0.0', '1', '12.3', '0.0', '1', '12.4', '0.0', '13.9', '12.8', '0.0', '999.9', '0.0', '0.0', '999.9', '0.0', '0.0', '999.9', '0.0', '0.0', '999.9', '0.0', '0.0', '999.9', '0.0', '0.0', '999.9', '0.0', '0.0', '999.9', '0.0', '0.0', '999.9', '0.0', '0.0', '999.9', '0.0', '0.0', '999.9', '0.0', '0.0', '999.9', '0.0', '0.0', '999.9', '0.0', '1', '1', '0', '0', '0', '0', '0', '0', '0', '0', '0', '0', '0', '0', '0', '0', '0', '0', '0', '0', '0', '0', '0', '0', '0', '30.0');
INSERT INTO `power_yuanhang` VALUES ('29', 'RH.10581', '0', '2021-06-03 17:26:15', '2', '0', '0.5', '0', '0.0', '0', '1', '14.4', '0', '0.0', '0', '217.0', '1', '3', '1', '0', '30.0', '26.1', '58.0', '26.9', '55.0', '100.0', '1', '12.3', '0.7', '1', '12.4', '0.0', '1', '12.4', '0.0', '1', '12.3', '0.0', '1', '12.4', '0.0', '1', '12.4', '0.0', '14.0', '12.8', '0.0', '999.9', '0.0', '0.0', '999.9', '0.0', '0.0', '999.9', '0.0', '0.0', '999.9', '0.0', '0.0', '999.9', '0.0', '0.0', '999.9', '0.0', '0.0', '999.9', '0.0', '0.0', '999.9', '0.0', '0.0', '999.9', '0.0', '0.0', '999.9', '0.0', '0.0', '999.9', '0.0', '0.0', '999.9', '0.0', '1', '1', '0', '0', '0', '0', '0', '0', '0', '0', '0', '0', '0', '0', '0', '0', '0', '0', '0', '0', '0', '0', '0', '0', '0', '30.0');
INSERT INTO `power_yuanhang` VALUES ('31', 'RH.10894', '1', '2020-11-25 09:28:18', '1', '0', '0.3', '0', '0.0', '0', '0', '0.2', '0', '0.0', '0', '0.0', '0', '0', '1', '0', '21.0', '9999.9', '0.0', '9999.9', '0.0', '0.0', '1', '12.4', '0.0', '1', '12.3', '0.0', '1', '12.3', '0.1', '1', '12.3', '0.0', '1', '12.3', '0.0', '1', '12.3', '0.0', '1.3', '12.3', '0.0', '999.9', '0.0', '0.0', '999.9', '0.0', '0.0', '999.9', '0.0', '0.0', '999.9', '0.0', '0.0', '999.9', '0.0', '0.0', '999.9', '0.0', '0.0', '999.9', '0.0', '0.0', '999.9', '0.0', '0.0', '999.9', '0.0', '0.0', '999.9', '0.0', '0.0', '999.9', '0.0', '0.0', '999.9', '0.0', '1', '0', '0', '0', '0', '0', '0', '0', '0', '0', '0', '0', '0', '0', '0', '0', '0', '1', '0', '0', '0', '0', '0', '0', '0', '15.0');
INSERT INTO `power_yuanhang` VALUES ('32', 'RH.10894', '1', '2020-11-25 09:28:18', '1', '0', '0.3', '0', '0.0', '0', '0', '0.2', '0', '0.0', '0', '0.0', '0', '0', '1', '0', '21.0', '9999.9', '0.0', '9999.9', '0.0', '0.0', '1', '12.4', '0.0', '1', '12.3', '0.0', '1', '12.3', '0.1', '1', '12.3', '0.0', '1', '12.3', '0.0', '1', '12.3', '0.0', '1.3', '12.3', '0.0', '999.9', '0.0', '0.0', '999.9', '0.0', '0.0', '999.9', '0.0', '0.0', '999.9', '0.0', '0.0', '999.9', '0.0', '0.0', '999.9', '0.0', '0.0', '999.9', '0.0', '0.0', '999.9', '0.0', '0.0', '999.9', '0.0', '0.0', '999.9', '0.0', '0.0', '999.9', '0.0', '0.0', '999.9', '0.0', '1', '0', '0', '0', '0', '0', '0', '0', '0', '0', '0', '0', '0', '0', '0', '0', '0', '1', '0', '0', '0', '0', '0', '0', '0', '15.0');
INSERT INTO `power_yuanhang` VALUES ('33', 'RH.10894', '1', '2020-11-25 09:28:18', '1', '0', '0.3', '0', '0.0', '0', '0', '0.2', '0', '0.0', '0', '0.0', '0', '0', '1', '0', '21.0', '9999.9', '0.0', '9999.9', '0.0', '0.0', '1', '12.4', '0.0', '1', '12.3', '0.0', '1', '12.3', '0.1', '1', '12.3', '0.0', '1', '12.3', '0.0', '1', '12.3', '0.0', '1.3', '12.3', '0.0', '999.9', '0.0', '0.0', '999.9', '0.0', '0.0', '999.9', '0.0', '0.0', '999.9', '0.0', '0.0', '999.9', '0.0', '0.0', '999.9', '0.0', '0.0', '999.9', '0.0', '0.0', '999.9', '0.0', '0.0', '999.9', '0.0', '0.0', '999.9', '0.0', '0.0', '999.9', '0.0', '0.0', '999.9', '0.0', '1', '0', '0', '0', '0', '0', '0', '0', '0', '0', '0', '0', '0', '0', '0', '0', '0', '1', '0', '0', '0', '0', '0', '0', '0', '15.0');
INSERT INTO `power_yuanhang` VALUES ('34', 'RH.10894', '1', '2020-11-25 09:28:18', '1', '0', '0.3', '0', '0.0', '0', '0', '0.2', '0', '0.0', '0', '0.0', '0', '0', '1', '0', '21.0', '9999.9', '0.0', '9999.9', '0.0', '0.0', '1', '12.4', '0.0', '1', '12.3', '0.0', '1', '12.3', '0.1', '1', '12.3', '0.0', '1', '12.3', '0.0', '1', '12.3', '0.0', '1.3', '12.3', '0.0', '999.9', '0.0', '0.0', '999.9', '0.0', '0.0', '999.9', '0.0', '0.0', '999.9', '0.0', '0.0', '999.9', '0.0', '0.0', '999.9', '0.0', '0.0', '999.9', '0.0', '0.0', '999.9', '0.0', '0.0', '999.9', '0.0', '0.0', '999.9', '0.0', '0.0', '999.9', '0.0', '0.0', '999.9', '0.0', '1', '0', '0', '0', '0', '0', '0', '0', '0', '0', '0', '0', '0', '0', '0', '0', '0', '1', '0', '0', '0', '0', '0', '0', '0', '15.0');
INSERT INTO `power_yuanhang` VALUES ('35', 'RH.10894', '1', '2020-11-25 09:28:18', '1', '0', '0.3', '0', '0.0', '0', '0', '0.2', '0', '0.0', '0', '0.0', '0', '0', '1', '0', '21.0', '9999.9', '0.0', '9999.9', '0.0', '0.0', '1', '12.4', '0.0', '1', '12.3', '0.0', '1', '12.3', '0.1', '1', '12.3', '0.0', '1', '12.3', '0.0', '1', '12.3', '0.0', '1.3', '12.3', '0.0', '999.9', '0.0', '0.0', '999.9', '0.0', '0.0', '999.9', '0.0', '0.0', '999.9', '0.0', '0.0', '999.9', '0.0', '0.0', '999.9', '0.0', '0.0', '999.9', '0.0', '0.0', '999.9', '0.0', '0.0', '999.9', '0.0', '0.0', '999.9', '0.0', '0.0', '999.9', '0.0', '0.0', '999.9', '0.0', '1', '0', '0', '0', '0', '0', '0', '0', '0', '0', '0', '0', '0', '0', '0', '0', '0', '1', '0', '0', '0', '0', '0', '0', '0', '15.0');
INSERT INTO `power_yuanhang` VALUES ('36', 'RH.10894', '1', '2020-11-25 09:28:18', '1', '0', '0.3', '0', '0.0', '0', '0', '0.2', '0', '0.0', '0', '0.0', '0', '0', '1', '0', '21.0', '9999.9', '0.0', '9999.9', '0.0', '0.0', '1', '12.4', '0.0', '1', '12.3', '0.0', '1', '12.3', '0.1', '1', '12.3', '0.0', '1', '12.3', '0.0', '1', '12.3', '0.0', '1.3', '12.3', '0.0', '999.9', '0.0', '0.0', '999.9', '0.0', '0.0', '999.9', '0.0', '0.0', '999.9', '0.0', '0.0', '999.9', '0.0', '0.0', '999.9', '0.0', '0.0', '999.9', '0.0', '0.0', '999.9', '0.0', '0.0', '999.9', '0.0', '0.0', '999.9', '0.0', '0.0', '999.9', '0.0', '0.0', '999.9', '0.0', '1', '0', '0', '0', '0', '0', '0', '0', '0', '0', '0', '0', '0', '0', '0', '0', '0', '1', '0', '0', '0', '0', '0', '0', '0', '15.0');

-- ----------------------------
-- Table structure for region
-- ----------------------------
DROP TABLE IF EXISTS `region`;
CREATE TABLE `region` (
  `id` int NOT NULL AUTO_INCREMENT,
  `area` varchar(20) NOT NULL,
  PRIMARY KEY (`id`)
) ENGINE=InnoDB AUTO_INCREMENT=15 DEFAULT CHARSET=utf8mb4 COLLATE=utf8mb4_0900_ai_ci;

-- ----------------------------
-- Records of region
-- ----------------------------
INSERT INTO `region` VALUES ('1', '南京市');
INSERT INTO `region` VALUES ('2', '盐城市');
INSERT INTO `region` VALUES ('3', '徐州市');
INSERT INTO `region` VALUES ('4', '宿迁市');
INSERT INTO `region` VALUES ('5', '连云港市');
INSERT INTO `region` VALUES ('6', '淮安市');
INSERT INTO `region` VALUES ('7', '泰州市');
INSERT INTO `region` VALUES ('8', '镇江市');
INSERT INTO `region` VALUES ('9', '常州市');
INSERT INTO `region` VALUES ('10', '南通市');
INSERT INTO `region` VALUES ('11', '苏州市');
INSERT INTO `region` VALUES ('12', '无锡市');
INSERT INTO `region` VALUES ('13', '扬州市');

-- ----------------------------
-- Table structure for station
-- ----------------------------
DROP TABLE IF EXISTS `station`;
CREATE TABLE `station` (
  `id` int NOT NULL AUTO_INCREMENT,
  `address` varchar(30) CHARACTER SET utf8mb4 COLLATE utf8mb4_0900_ai_ci NOT NULL,
  `level` int NOT NULL,
  `region_id` int NOT NULL,
  `area_id` int NOT NULL DEFAULT '0',
  `coordinate_x` decimal(6,4) NOT NULL DEFAULT '0.0000',
  `coordinate_y` decimal(6,4) NOT NULL DEFAULT '0.0000',
  `is_center` tinyint NOT NULL DEFAULT '0',
  PRIMARY KEY (`id`),
  KEY `station_fy` (`region_id`),
  CONSTRAINT `station_fy` FOREIGN KEY (`region_id`) REFERENCES `region` (`id`)
) ENGINE=InnoDB AUTO_INCREMENT=52 DEFAULT CHARSET=utf8mb4 COLLATE=utf8mb4_0900_ai_ci;

-- ----------------------------
-- Records of station
-- ----------------------------
INSERT INTO `station` VALUES ('1', '盐城', '1', '2', '0', '0.6010', '0.6000', '1');
INSERT INTO `station` VALUES ('2', '建湖', '1', '2', '5', '0.5190', '0.7600', '0');
INSERT INTO `station` VALUES ('3', '阜宁', '1', '2', '4', '0.4000', '0.8400', '0');
INSERT INTO `station` VALUES ('4', '响水', '1', '2', '1', '0.1500', '0.7800', '0');
INSERT INTO `station` VALUES ('5', '滨海', '1', '2', '2', '0.2100', '0.6400', '0');
INSERT INTO `station` VALUES ('6', '射阳', '1', '2', '3', '0.3800', '0.4800', '0');
INSERT INTO `station` VALUES ('7', '大丰', '1', '2', '6', '0.6280', '0.3000', '0');
INSERT INTO `station` VALUES ('8', '东台', '1', '2', '7', '0.8470', '0.2800', '0');
INSERT INTO `station` VALUES ('18', '南京', '1', '1', '0', '0.0000', '0.0000', '0');

-- ----------------------------
-- Table structure for user
-- ----------------------------
DROP TABLE IF EXISTS `user`;
CREATE TABLE `user` (
  `id` int NOT NULL AUTO_INCREMENT,
  `username` varchar(20) NOT NULL,
  `password` varchar(20) NOT NULL,
  `staff` varchar(10) NOT NULL,
  `authority` int NOT NULL,
  `area_level` int NOT NULL,
  `region_id` int NOT NULL,
  `create_time` timestamp NOT NULL,
  `update_time` timestamp NULL DEFAULT NULL,
  `state` int NOT NULL,
  PRIMARY KEY (`id`)
) ENGINE=InnoDB AUTO_INCREMENT=16 DEFAULT CHARSET=utf8mb4 COLLATE=utf8mb4_0900_ai_ci;

-- ----------------------------
-- Records of user
-- ----------------------------
INSERT INTO `user` VALUES ('1', 'admin', 'admin123456', '超级管理员', '0', '0', '0', '2021-07-18 16:45:22', null, '0');
INSERT INTO `user` VALUES ('2', 'zhangsan', '123456', '张三', '0', '0', '0', '2021-07-23 15:23:37', null, '0');
INSERT INTO `user` VALUES ('3', 'lisi', '123456', '李四', '0', '1', '1', '2021-07-23 16:24:03', null, '0');
INSERT INTO `user` VALUES ('4', 'test', '123456', '刘强', '1', '0', '0', '2021-07-23 16:24:03', null, '0');
INSERT INTO `user` VALUES ('5', 'test1', '123456', '王一', '1', '0', '0', '2021-07-23 16:24:03', null, '0');
INSERT INTO `user` VALUES ('6', 'test2', '123456', '王二', '1', '0', '0', '2021-07-23 16:24:03', null, '0');
INSERT INTO `user` VALUES ('7', 'test3', '123456', '王三', '1', '1', '1', '2021-07-23 16:24:03', null, '0');
INSERT INTO `user` VALUES ('8', 'test4', '123456', '王四', '1', '1', '1', '2021-07-23 16:24:03', null, '0');
INSERT INTO `user` VALUES ('9', 'test5', '123456', '王五', '1', '1', '1', '2021-07-23 16:24:03', null, '0');
INSERT INTO `user` VALUES ('10', 'test6', '123456', '王六', '1', '1', '1', '2021-07-23 16:24:03', null, '0');
INSERT INTO `user` VALUES ('11', 'test7', '123456', '王七', '1', '1', '1', '2021-07-23 16:24:03', null, '0');
INSERT INTO `user` VALUES ('12', 'test8', '123456', '王九', '1', '0', '0', '2021-07-23 16:24:03', null, '1');
INSERT INTO `user` VALUES ('13', 'test9', '123456', '王十', '1', '1', '1', '2021-07-23 16:24:03', null, '1');
INSERT INTO `user` VALUES ('14', 'test10', '123456', '王十一', '1', '1', '1', '2021-07-23 16:24:03', null, '0');
INSERT INTO `user` VALUES ('15', 'test11', '123456', '王十二', '1', '1', '1', '2021-07-23 16:24:03', null, '0');
INSERT INTO `user` VALUES ('16', 'yzy', '123456', '王十二', '0', '1', '1', '2021-07-23 16:24:03', null, '0');


-- ----------------------------
-- Table structure for worksheet
-- ----------------------------
DROP TABLE IF EXISTS `worksheet`;
CREATE TABLE `worksheet` (
  `id` int NOT NULL AUTO_INCREMENT,
  `number` varchar(20) NOT NULL,
  `name` varchar(20) NOT NULL,
  `information` varchar(50) DEFAULT NULL,
  `area_level` int NOT NULL,
  `region_id` int NOT NULL,
  `create_time` timestamp NOT NULL,
  `confirm_time` timestamp NULL DEFAULT NULL,
  `finish_time` timestamp NULL DEFAULT NULL,
  `state` int NOT NULL,
  `initiator` int NOT NULL,
  `handler` int DEFAULT NULL,
  PRIMARY KEY (`id`)
) ENGINE=InnoDB AUTO_INCREMENT=60 DEFAULT CHARSET=utf8mb4 COLLATE=utf8mb4_0900_ai_ci;

-- ----------------------------
-- Records of worksheet
-- ----------------------------
INSERT INTO `worksheet` VALUES ('46', '22', '射阳设备1', '坏了', '1', '2', '2022-08-25 17:46:39', null, null, '0', '1', null);
INSERT INTO `worksheet` VALUES ('56', '1', '滨海设备1', '未知', '1', '2', '2022-09-25 19:52:19', null, null, '0', '1', null);
INSERT INTO `worksheet` VALUES ('57', '1', '滨海设备1', '未知', '1', '2', '2022-09-25 19:52:47', null, null, '0', '1', null);
INSERT INTO `worksheet` VALUES ('58', 'xiangshuiPower', '响水设备2', '坏了', '1', '2', '2022-09-26 12:29:31', null, null, '0', '1', null);
INSERT INTO `worksheet` VALUES ('59', 'nanjing222', '南京设备', '南京设备故障', '1', '1', '2022-09-26 12:38:10', null, null, '0', '1', null);

-- ----------------------------
-- Table structure for worksheet_quantity
-- ----------------------------
DROP TABLE IF EXISTS `worksheet_quantity`;
CREATE TABLE `worksheet_quantity` (
  `id` int NOT NULL AUTO_INCREMENT,
  `cityId` int NOT NULL,
  `year` year NOT NULL,
  `month` tinyint NOT NULL,
  `worksheet_quantity` int DEFAULT NULL,
  PRIMARY KEY (`id`)
) ENGINE=InnoDB AUTO_INCREMENT=157 DEFAULT CHARSET=utf8;

-- ----------------------------
-- Records of worksheet_quantity
-- ----------------------------
INSERT INTO `worksheet_quantity` VALUES ('1', '1', '2022', '1', '0');
INSERT INTO `worksheet_quantity` VALUES ('2', '1', '2022', '2', '0');
INSERT INTO `worksheet_quantity` VALUES ('3', '1', '2022', '3', '0');
INSERT INTO `worksheet_quantity` VALUES ('4', '1', '2022', '4', '0');
INSERT INTO `worksheet_quantity` VALUES ('5', '1', '2022', '5', '0');
INSERT INTO `worksheet_quantity` VALUES ('6', '1', '2022', '6', '0');
INSERT INTO `worksheet_quantity` VALUES ('7', '1', '2022', '7', '1');
INSERT INTO `worksheet_quantity` VALUES ('8', '1', '2022', '8', '1');
INSERT INTO `worksheet_quantity` VALUES ('9', '1', '2022', '9', '1');
INSERT INTO `worksheet_quantity` VALUES ('10', '1', '2022', '10', '0');
INSERT INTO `worksheet_quantity` VALUES ('11', '1', '2022', '11', '0');
INSERT INTO `worksheet_quantity` VALUES ('12', '1', '2022', '12', '0');
INSERT INTO `worksheet_quantity` VALUES ('13', '2', '2022', '1', '12');
INSERT INTO `worksheet_quantity` VALUES ('14', '2', '2022', '2', '15');
INSERT INTO `worksheet_quantity` VALUES ('15', '2', '2022', '3', '8');
INSERT INTO `worksheet_quantity` VALUES ('16', '2', '2022', '4', '2');
INSERT INTO `worksheet_quantity` VALUES ('17', '2', '2022', '5', '0');
INSERT INTO `worksheet_quantity` VALUES ('18', '2', '2022', '6', '9');
INSERT INTO `worksheet_quantity` VALUES ('19', '2', '2022', '7', '15');
INSERT INTO `worksheet_quantity` VALUES ('20', '2', '2022', '8', '1');
INSERT INTO `worksheet_quantity` VALUES ('21', '2', '2022', '9', '3');
INSERT INTO `worksheet_quantity` VALUES ('22', '2', '2022', '10', '0');
INSERT INTO `worksheet_quantity` VALUES ('23', '2', '2022', '11', '0');
INSERT INTO `worksheet_quantity` VALUES ('24', '2', '2022', '12', '0');
INSERT INTO `worksheet_quantity` VALUES ('25', '3', '2022', '1', '0');
INSERT INTO `worksheet_quantity` VALUES ('26', '3', '2022', '2', '0');
INSERT INTO `worksheet_quantity` VALUES ('27', '3', '2022', '3', '0');
INSERT INTO `worksheet_quantity` VALUES ('28', '3', '2022', '4', '0');
INSERT INTO `worksheet_quantity` VALUES ('29', '3', '2022', '5', '0');
INSERT INTO `worksheet_quantity` VALUES ('30', '3', '2022', '6', '0');
INSERT INTO `worksheet_quantity` VALUES ('31', '3', '2022', '7', '0');
INSERT INTO `worksheet_quantity` VALUES ('32', '3', '2022', '8', '0');
INSERT INTO `worksheet_quantity` VALUES ('33', '3', '2022', '9', '0');
INSERT INTO `worksheet_quantity` VALUES ('34', '3', '2022', '10', '0');
INSERT INTO `worksheet_quantity` VALUES ('35', '3', '2022', '11', '0');
INSERT INTO `worksheet_quantity` VALUES ('36', '3', '2022', '12', '0');
INSERT INTO `worksheet_quantity` VALUES ('37', '4', '2022', '1', '0');
INSERT INTO `worksheet_quantity` VALUES ('38', '4', '2022', '2', '0');
INSERT INTO `worksheet_quantity` VALUES ('39', '4', '2022', '3', '0');
INSERT INTO `worksheet_quantity` VALUES ('40', '4', '2022', '4', '0');
INSERT INTO `worksheet_quantity` VALUES ('41', '4', '2022', '5', '0');
INSERT INTO `worksheet_quantity` VALUES ('42', '4', '2022', '6', '0');
INSERT INTO `worksheet_quantity` VALUES ('43', '4', '2022', '7', '0');
INSERT INTO `worksheet_quantity` VALUES ('44', '4', '2022', '8', '0');
INSERT INTO `worksheet_quantity` VALUES ('45', '4', '2022', '9', '0');
INSERT INTO `worksheet_quantity` VALUES ('46', '4', '2022', '10', '0');
INSERT INTO `worksheet_quantity` VALUES ('47', '4', '2022', '11', '0');
INSERT INTO `worksheet_quantity` VALUES ('48', '4', '2022', '12', '0');
INSERT INTO `worksheet_quantity` VALUES ('49', '5', '2022', '1', '0');
INSERT INTO `worksheet_quantity` VALUES ('50', '5', '2022', '2', '0');
INSERT INTO `worksheet_quantity` VALUES ('51', '5', '2022', '3', '0');
INSERT INTO `worksheet_quantity` VALUES ('52', '5', '2022', '4', '0');
INSERT INTO `worksheet_quantity` VALUES ('53', '5', '2022', '5', '0');
INSERT INTO `worksheet_quantity` VALUES ('54', '5', '2022', '6', '0');
INSERT INTO `worksheet_quantity` VALUES ('55', '5', '2022', '7', '1');
INSERT INTO `worksheet_quantity` VALUES ('56', '5', '2022', '8', '0');
INSERT INTO `worksheet_quantity` VALUES ('57', '5', '2022', '9', '0');
INSERT INTO `worksheet_quantity` VALUES ('58', '5', '2022', '10', '0');
INSERT INTO `worksheet_quantity` VALUES ('59', '5', '2022', '11', '0');
INSERT INTO `worksheet_quantity` VALUES ('60', '5', '2022', '12', '0');
INSERT INTO `worksheet_quantity` VALUES ('61', '6', '2022', '1', '0');
INSERT INTO `worksheet_quantity` VALUES ('62', '6', '2022', '2', '0');
INSERT INTO `worksheet_quantity` VALUES ('63', '6', '2022', '3', '0');
INSERT INTO `worksheet_quantity` VALUES ('64', '6', '2022', '4', '0');
INSERT INTO `worksheet_quantity` VALUES ('65', '6', '2022', '5', '0');
INSERT INTO `worksheet_quantity` VALUES ('66', '6', '2022', '6', '0');
INSERT INTO `worksheet_quantity` VALUES ('67', '6', '2022', '7', '0');
INSERT INTO `worksheet_quantity` VALUES ('68', '6', '2022', '8', '0');
INSERT INTO `worksheet_quantity` VALUES ('69', '6', '2022', '9', '0');
INSERT INTO `worksheet_quantity` VALUES ('70', '6', '2022', '10', '0');
INSERT INTO `worksheet_quantity` VALUES ('71', '6', '2022', '11', '0');
INSERT INTO `worksheet_quantity` VALUES ('72', '6', '2022', '12', '0');
INSERT INTO `worksheet_quantity` VALUES ('73', '7', '2022', '1', '0');
INSERT INTO `worksheet_quantity` VALUES ('74', '7', '2022', '2', '0');
INSERT INTO `worksheet_quantity` VALUES ('75', '7', '2022', '3', '0');
INSERT INTO `worksheet_quantity` VALUES ('76', '7', '2022', '4', '0');
INSERT INTO `worksheet_quantity` VALUES ('77', '7', '2022', '5', '0');
INSERT INTO `worksheet_quantity` VALUES ('78', '7', '2022', '6', '0');
INSERT INTO `worksheet_quantity` VALUES ('79', '7', '2022', '7', '0');
INSERT INTO `worksheet_quantity` VALUES ('80', '7', '2022', '8', '0');
INSERT INTO `worksheet_quantity` VALUES ('81', '7', '2022', '9', '0');
INSERT INTO `worksheet_quantity` VALUES ('82', '7', '2022', '10', '0');
INSERT INTO `worksheet_quantity` VALUES ('83', '7', '2022', '11', '0');
INSERT INTO `worksheet_quantity` VALUES ('84', '7', '2022', '12', '0');
INSERT INTO `worksheet_quantity` VALUES ('85', '8', '2022', '1', '0');
INSERT INTO `worksheet_quantity` VALUES ('86', '8', '2022', '2', '0');
INSERT INTO `worksheet_quantity` VALUES ('87', '8', '2022', '3', '0');
INSERT INTO `worksheet_quantity` VALUES ('88', '8', '2022', '4', '0');
INSERT INTO `worksheet_quantity` VALUES ('89', '8', '2022', '5', '0');
INSERT INTO `worksheet_quantity` VALUES ('90', '8', '2022', '6', '0');
INSERT INTO `worksheet_quantity` VALUES ('91', '8', '2022', '7', '0');
INSERT INTO `worksheet_quantity` VALUES ('92', '8', '2022', '8', '0');
INSERT INTO `worksheet_quantity` VALUES ('93', '8', '2022', '9', '0');
INSERT INTO `worksheet_quantity` VALUES ('94', '8', '2022', '10', '0');
INSERT INTO `worksheet_quantity` VALUES ('95', '8', '2022', '11', '0');
INSERT INTO `worksheet_quantity` VALUES ('96', '8', '2022', '12', '0');
INSERT INTO `worksheet_quantity` VALUES ('97', '9', '2022', '1', '0');
INSERT INTO `worksheet_quantity` VALUES ('98', '9', '2022', '2', '0');
INSERT INTO `worksheet_quantity` VALUES ('99', '9', '2022', '3', '0');
INSERT INTO `worksheet_quantity` VALUES ('100', '9', '2022', '4', '0');
INSERT INTO `worksheet_quantity` VALUES ('101', '9', '2022', '5', '0');
INSERT INTO `worksheet_quantity` VALUES ('102', '9', '2022', '6', '0');
INSERT INTO `worksheet_quantity` VALUES ('103', '9', '2022', '7', '1');
INSERT INTO `worksheet_quantity` VALUES ('104', '9', '2022', '8', '0');
INSERT INTO `worksheet_quantity` VALUES ('105', '9', '2022', '9', '0');
INSERT INTO `worksheet_quantity` VALUES ('106', '9', '2022', '10', '0');
INSERT INTO `worksheet_quantity` VALUES ('107', '9', '2022', '11', '0');
INSERT INTO `worksheet_quantity` VALUES ('108', '9', '2022', '12', '0');
INSERT INTO `worksheet_quantity` VALUES ('109', '10', '2022', '1', '0');
INSERT INTO `worksheet_quantity` VALUES ('110', '10', '2022', '2', '0');
INSERT INTO `worksheet_quantity` VALUES ('111', '10', '2022', '3', '0');
INSERT INTO `worksheet_quantity` VALUES ('112', '10', '2022', '4', '0');
INSERT INTO `worksheet_quantity` VALUES ('113', '10', '2022', '5', '0');
INSERT INTO `worksheet_quantity` VALUES ('114', '10', '2022', '6', '0');
INSERT INTO `worksheet_quantity` VALUES ('115', '10', '2022', '7', '0');
INSERT INTO `worksheet_quantity` VALUES ('116', '10', '2022', '8', '1');
INSERT INTO `worksheet_quantity` VALUES ('117', '10', '2022', '9', '0');
INSERT INTO `worksheet_quantity` VALUES ('118', '10', '2022', '10', '0');
INSERT INTO `worksheet_quantity` VALUES ('119', '10', '2022', '11', '0');
INSERT INTO `worksheet_quantity` VALUES ('120', '10', '2022', '12', '0');
INSERT INTO `worksheet_quantity` VALUES ('121', '11', '2022', '1', '0');
INSERT INTO `worksheet_quantity` VALUES ('122', '11', '2022', '2', '0');
INSERT INTO `worksheet_quantity` VALUES ('123', '11', '2022', '3', '0');
INSERT INTO `worksheet_quantity` VALUES ('124', '11', '2022', '4', '0');
INSERT INTO `worksheet_quantity` VALUES ('125', '11', '2022', '5', '0');
INSERT INTO `worksheet_quantity` VALUES ('126', '11', '2022', '6', '0');
INSERT INTO `worksheet_quantity` VALUES ('127', '11', '2022', '7', '0');
INSERT INTO `worksheet_quantity` VALUES ('128', '11', '2022', '8', '0');
INSERT INTO `worksheet_quantity` VALUES ('129', '11', '2022', '9', '0');
INSERT INTO `worksheet_quantity` VALUES ('130', '11', '2022', '10', '0');
INSERT INTO `worksheet_quantity` VALUES ('131', '11', '2022', '11', '0');
INSERT INTO `worksheet_quantity` VALUES ('132', '11', '2022', '12', '0');
INSERT INTO `worksheet_quantity` VALUES ('133', '12', '2022', '1', '0');
INSERT INTO `worksheet_quantity` VALUES ('134', '12', '2022', '2', '0');
INSERT INTO `worksheet_quantity` VALUES ('135', '12', '2022', '3', '0');
INSERT INTO `worksheet_quantity` VALUES ('136', '12', '2022', '4', '0');
INSERT INTO `worksheet_quantity` VALUES ('137', '12', '2022', '5', '0');
INSERT INTO `worksheet_quantity` VALUES ('138', '12', '2022', '6', '0');
INSERT INTO `worksheet_quantity` VALUES ('139', '12', '2022', '7', '0');
INSERT INTO `worksheet_quantity` VALUES ('140', '12', '2022', '8', '0');
INSERT INTO `worksheet_quantity` VALUES ('141', '12', '2022', '9', '0');
INSERT INTO `worksheet_quantity` VALUES ('142', '12', '2022', '10', '0');
INSERT INTO `worksheet_quantity` VALUES ('143', '12', '2022', '11', '0');
INSERT INTO `worksheet_quantity` VALUES ('144', '12', '2022', '12', '0');
INSERT INTO `worksheet_quantity` VALUES ('145', '13', '2022', '1', '0');
INSERT INTO `worksheet_quantity` VALUES ('146', '13', '2022', '2', '0');
INSERT INTO `worksheet_quantity` VALUES ('147', '13', '2022', '3', '0');
INSERT INTO `worksheet_quantity` VALUES ('148', '13', '2022', '4', '0');
INSERT INTO `worksheet_quantity` VALUES ('149', '13', '2022', '5', '0');
INSERT INTO `worksheet_quantity` VALUES ('150', '13', '2022', '6', '0');
INSERT INTO `worksheet_quantity` VALUES ('151', '13', '2022', '7', '1');
INSERT INTO `worksheet_quantity` VALUES ('152', '13', '2022', '8', '0');
INSERT INTO `worksheet_quantity` VALUES ('153', '13', '2022', '9', '0');
INSERT INTO `worksheet_quantity` VALUES ('154', '13', '2022', '10', '0');
INSERT INTO `worksheet_quantity` VALUES ('155', '13', '2022', '11', '0');
INSERT INTO `worksheet_quantity` VALUES ('156', '13', '2022', '12', '0');
